Username,Profile URL,Latitude,Longitude,Google Maps,Tweet
weareteamtrump,https://twitter.com/weareteamtrump,38.8940974,-77.0276216,"https://maps.google.com/?q=38.8940974,-77.0276216","b""We're hiring! Read about our latest job opening here: Pastry Cook - https://t.co/n6n1oqWkkw #Cook #Kitchenlife"""
maximilian2027,https://twitter.com/maximilian2027,38.89459749,-77.03678133,"https://maps.google.com/?q=38.89459749,-77.03678133",b'Just posted a photo @ USA https://t.co/tjxWYf19N6'
smartjohnson,https://twitter.com/smartjohnson,38.8951,-77.0367,"https://maps.google.com/?q=38.8951,-77.0367","b""Celebrating the Chief's 81st birthday. \n?\n?\n?Love you Pop\n?\n?\n#teamdecena #chief #usn #corpsman #usmc @ The Twiligh? https://t.co/GQbRCHTylH"""
SonyaBlaze1,https://twitter.com/SonyaBlaze1,38.9025,-77.0329,"https://maps.google.com/?q=38.9025,-77.0329","b'Just posted a photo @ Downtown (Washington, D.C.) https://t.co/jsT1QZtBOy'"
cayrcsln,https://twitter.com/cayrcsln,38.90022,-77.02845,"https://maps.google.com/?q=38.90022,-77.02845",b'Fiend ? @ Science https://t.co/u58jURQCMW'
moniepinkgirl,https://twitter.com/moniepinkgirl,38.8951,-77.0367,"https://maps.google.com/?q=38.8951,-77.0367",b'Just posted a photo @ United States of America https://t.co/bMWNqpOvs6'
edcruzto9,https://twitter.com/edcruzto9,38.89459749,-77.03678133,"https://maps.google.com/?q=38.89459749,-77.03678133",b'Just posted a video @ USA https://t.co/kXvuWUFe3Z'
Gudnewz_inc,https://twitter.com/Gudnewz_inc,38.8951,-77.0367,"https://maps.google.com/?q=38.8951,-77.0367",b'Just posted a photo @ Washington D.C. https://t.co/p7KNsz6ysa'
edcruzto9,https://twitter.com/edcruzto9,38.89459749,-77.03678133,"https://maps.google.com/?q=38.89459749,-77.03678133",b'Just posted a video @ USA https://t.co/TBxtkZiUEV'
bluedarkArt,https://twitter.com/bluedarkArt,38.89459749,-77.03678133,"https://maps.google.com/?q=38.89459749,-77.03678133",b'Just posted a photo @ USA https://t.co/N3gXIBkDsf'
edcruzto9,https://twitter.com/edcruzto9,38.89459749,-77.03678133,"https://maps.google.com/?q=38.89459749,-77.03678133",b'Real scary dudes.? @ USA https://t.co/ONFpi6p6rE'
DArscorpius,https://twitter.com/DArscorpius,38.8951,-77.0367,"https://maps.google.com/?q=38.8951,-77.0367",b'?Blue Day?\nAvailable now @\nhttps://t.co/UOtGBALJPL @ Washington D.C. https://t.co/tbrjW62iUv'
